txtno,portid,portdate,opening,high,low,closing,bid,offer,volume,valuess
"5826255","BBCA","2025-01-02","9650.000","9900.000","9650.000","9900.000","9875.000","9900.000","38124800","373424090000"
"5826747","BBCA","2025-01-03","9850.000","9925.000","9825.000","9850.000","9825.000","9850.000","41916000","413273410000"
"5827571","BBCA","2025-01-06","9850.000","9875.000","9650.000","9675.000","9675.000","9700.000","41593900","404310072500"
"5828500","BBCA","2025-01-07","9675.000","9725.000","9525.000","9525.000","9525.000","9550.000","71318600","685707970000"
"5830048","BBCA","2025-01-08","9675.000","9775.000","9575.000","9675.000","9675.000","9700.000","55943100","540873132500"
"5831018","BBCA","2025-01-09","9750.000","9875.000","9725.000","9850.000","9850.000","9875.000","42733800","419861325000"
"5831317","BBCA","2025-01-10","9800.000","9925.000","9725.000","9725.000","9725.000","9750.000","72531300","711582285000"
"5832503","BBCA","2025-01-13","9625.000","9725.000","9625.000","9675.000","9675.000","9700.000","88270100","853411082500"
"5833253","BBCA","2025-01-14","9600.000","9725.000","9525.000","9525.000","9525.000","9575.000","70942600","680061042500"
"5834856","BBCA","2025-01-15","9575.000","9800.000","9550.000","9800.000","9775.000","9800.000","77098000","746002880000"
"5835281","BBCA","2025-01-16","9850.000","9925.000","9750.000","9750.000","9750.000","9775.000","76979000","754921277500"
"5836747","BBCA","2025-01-17","9750.000","9900.000","9650.000","9900.000","9875.000","9900.000","71033100","696773660000"
"5837001","BBCA","2025-01-20","9850.000","9875.000","9625.000","9625.000","9625.000","9650.000","112111200","1085222997500"
"5838182","BBCA","2025-01-21","9600.000","9675.000","9550.000","9575.000","9550.000","9575.000","124547900","1196904822500"
"5839485","BBCA","2025-01-22","9650.000","9675.000","9575.000","9600.000","9575.000","9600.000","90154800","865683077500"
"5840446","BBCA","2025-01-23","9600.000","9750.000","9600.000","9600.000","9600.000","9625.000","120515400","1161047515000"
"5840832","BBCA","2025-01-24","9625.000","9650.000","9350.000","9350.000","9350.000","9375.000","152057000","1441026497500"
"5841864","BBCA","2025-01-30","9150.000","9275.000","9150.000","9150.000","9150.000","9175.000","154645800","1421241562500"
"5843478","BBCA","2025-01-31","9250.000","9500.000","9225.000","9450.000","9425.000","9450.000","112982800","1062122740000"
"5843947","BBCA","2025-02-03","9400.000","9400.000","9225.000","9350.000","9325.000","9350.000","90439900","841721630000"
"5844657","BBCA","2025-02-04","9350.000","9400.000","9175.000","9175.000","9175.000","9200.000","94607700","875178227500"
"5845821","BBCA","2025-02-05","9100.000","9175.000","9100.000","9125.000","9125.000","9150.000","98229900","896442272500"
"5846703","BBCA","2025-02-06","9075.000","9100.000","8850.000","8950.000","8950.000","8975.000","171477800","1535509045000"
"5848330","BBCA","2025-02-07","8950.000","9350.000","8825.000","9350.000","9300.000","9350.000","131162200","1201760495000"
"5848578","BBCA","2025-02-10","9025.000","9250.000","9025.000","9150.000","9125.000","9150.000","76209100","696061780000"
"5849711","BBCA","2025-02-11","9025.000","9100.000","9000.000","9075.000","9075.000","9100.000","71188300","644089892500"
"5850922","BBCA","2025-02-12","8950.000","9150.000","8950.000","9150.000","9125.000","9150.000","121172600","1095997277500"
"5851369","BBCA","2025-02-13","9100.000","9150.000","9000.000","9000.000","9000.000","9025.000","90439700","817617295000"
"5852448","BBCA","2025-02-14","9000.000","9075.000","8950.000","8975.000","8950.000","8975.000","116274500","1044788057500"
"5853969","BBCA","2025-02-17","8975.000","9325.000","8975.000","9325.000","9325.000","9350.000","89096400","818775542500"
"5854315","BBCA","2025-02-18","9325.000","9575.000","9250.000","9300.000","9275.000","9300.000","107318300","1008047750000"
"5855123","BBCA","2025-02-19","9225.000","9250.000","8950.000","8950.000","8950.000","8975.000","154438200","1398125667500"
"5856740","BBCA","2025-02-20","8975.000","9025.000","8950.000","9000.000","8975.000","9000.000","119260800","1072820882500"
"5857670","BBCA","2025-02-21","8950.000","9000.000","8925.000","9000.000","9000.000","9025.000","106054700","952431897500"
"5858226","BBCA","2025-02-24","8925.000","8975.000","8875.000","8925.000","8925.000","8950.000","108530300","967663890000"
"5859292","BBCA","2025-02-25","8900.000","9000.000","8825.000","8825.000","8825.000","8850.000","101592700","903429712500"
"5860194","BBCA","2025-02-26","8800.000","8900.000","8725.000","8775.000","8775.000","8800.000","117843500","1036740425000"
"5860971","BBCA","2025-02-27","8800.000","8800.000","8500.000","8525.000","8525.000","8550.000","199991600","1722656545000"
"5862261","BBCA","2025-02-28","8525.000","8675.000","8425.000","8425.000","8425.000","8450.000","293095000","2489235352500"
"5863504","BBCA","2025-03-03","8600.000","8900.000","8550.000","8800.000","8800.000","8825.000","192944300","1691896030000"
"5864510","BBCA","2025-03-04","8900.000","8925.000","8675.000","8850.000","8850.000","8875.000","125418500","1107249032500"
"5865307","BBCA","2025-03-05","8825.000","9175.000","8825.000","9000.000","9000.000","9025.000","155207900","1403048962500"
"5865768","BBCA","2025-03-06","9200.000","9200.000","8975.000","8975.000","8975.000","9000.000","96270100","871269667500"
"5866771","BBCA","2025-03-07","9000.000","9000.000","8925.000","8925.000","8925.000","8950.000","82295300","736670570000"
"5867968","BBCA","2025-03-10","8750.000","8975.000","8725.000","8925.000","8925.000","8950.000","97652100","866770292500"
"5869012","BBCA","2025-03-11","8950.000","9050.000","8875.000","8925.000","8925.000","8950.000","109295600","978179175000"
"5870238","BBCA","2025-03-12","9025.000","9125.000","8975.000","9125.000","9125.000","9150.000","87968900","798921830000"
"5870535","BBCA","2025-03-13","9150.000","9175.000","8975.000","8975.000","8950.000","8975.000","83030700","752076935000"
"5871477","BBCA","2025-03-14","8800.000","8925.000","8750.000","8750.000","8750.000","8775.000","111397800","981318015000"
"5872442","BBCA","2025-03-17","8750.000","8775.000","8550.000","8600.000","8575.000","8600.000","151365700","1307956410000"
"5873495","BBCA","2025-03-18","8500.000","8550.000","8075.000","8300.000","8275.000","8300.000","417305700","3483017392500"
"5874787","BBCA","2025-03-19","8300.000","8400.000","8225.000","8325.000","8325.000","8350.000","214108200","1780914875000"
"5875817","BBCA","2025-03-20","8450.000","8475.000","8350.000","8375.000","8375.000","8400.000","152917300","1285249405000"
"5876194","BBCA","2025-03-21","8275.000","8275.000","7900.000","7900.000","7875.000","7900.000","377916400","3021950982500"
"5877901","BBCA","2025-03-24","7825.000","8100.000","7625.000","7950.000","7925.000","7950.000","331836800","2612317110000"
"5878739","BBCA","2025-03-25","8075.000","8150.000","8000.000","8050.000","8025.000","8050.000","136341700","1100140847500"
"5879833","BBCA","2025-03-26","8300.000","8650.000","8275.000","8525.000","8500.000","8525.000","283104600","2402948932500"
"5880182","BBCA","2025-03-27","8425.000","8575.000","8375.000","8500.000","8500.000","8525.000","122943900","1043465750000"
"5881166","BBCA","2025-04-08","7400.000","8000.000","7275.000","7775.000","7775.000","7800.000","533073600","4079992795000"
"5882638","BBCA","2025-04-09","7700.000","7950.000","7675.000","7925.000","7900.000","7925.000","136753900","1077648137500"
"5883481","BBCA","2025-04-10","8500.000","8650.000","8175.000","8225.000","8200.000","8225.000","144148600","1197904627500"
"5884432","BBCA","2025-04-11","8200.000","8325.000","8050.000","8275.000","8275.000","8300.000","82612400","681429587500"
"5885300","BBCA","2025-04-14","8250.000","8400.000","8250.000","8400.000","8400.000","8425.000","83319300","693698500000"
"5886482","BBCA","2025-04-15","8575.000","8600.000","8450.000","8575.000","8550.000","8575.000","83432800","712815082500"
"5886905","BBCA","2025-04-16","8500.000","8550.000","8425.000","8475.000","8450.000","8475.000","76886000","651617800000"
"5888240","BBCA","2025-04-17","8450.000","8500.000","8350.000","8500.000","8500.000","8525.000","83540600","706180447500"
"5888701","BBCA","2025-04-21","8500.000","8500.000","8300.000","8300.000","8300.000","8325.000","40683800","340094602500"
"5890312","BBCA","2025-04-22","8325.000","8500.000","8325.000","8500.000","8475.000","8500.000","56537100","478209102500"
"5891300","BBCA","2025-04-23","8550.000","8725.000","8550.000","8725.000","8700.000","8725.000","92329600","799720725000"
"5891530","BBCA","2025-04-24","8850.000","8850.000","8475.000","8475.000","8475.000","8500.000","143675300","1238390690000"
"5893100","BBCA","2025-04-25","8650.000","8650.000","8575.000","8600.000","8600.000","8625.000","58297000","502479220000"
"5894134","BBCA","2025-04-28","8750.000","8775.000","8650.000","8775.000","8750.000","8775.000","73235400","638943077500"
"5894552","BBCA","2025-04-29","8800.000","8825.000","8700.000","8725.000","8725.000","8750.000","60315700","526929982500"
"5896041","BBCA","2025-04-30","8800.000","8925.000","8675.000","8825.000","8825.000","8850.000","164597500","1455778187500"
"5897038","BBCA","2025-05-02","9000.000","9000.000","8850.000","8975.000","8950.000","8975.000","92219000","825304057500"
"5897505","BBCA","2025-05-05","9000.000","9050.000","8975.000","8975.000","8975.000","9000.000","86385600","778757830000"
"5898826","BBCA","2025-05-06","9050.000","9050.000","8975.000","9025.000","9000.000","9025.000","48860500","440640172500"
"5899802","BBCA","2025-05-07","9075.000","9100.000","9000.000","9075.000","9075.000","9100.000","77382000","701577602500"
"5900383","BBCA","2025-05-08","9075.000","9200.000","8925.000","8975.000","8975.000","9000.000","99614500","897955795000"
"5901769","BBCA","2025-05-09","9050.000","9050.000","8975.000","9000.000","9000.000","9025.000","47167500","425029637500"
"5902817","BBCA","2025-05-14","9250.000","9300.000","9150.000","9275.000","9275.000","9300.000","149002900","1377839677500"
"5903512","BBCA","2025-05-15","9275.000","9400.000","9250.000","9275.000","9275.000","9300.000","101401300","945901080000"
"5904568","BBCA","2025-05-16","9300.000","9325.000","9225.000","9300.000","9275.000","9300.000","63007500","584370887500"
"5905658","BBCA","2025-05-19","9275.000","9500.000","9250.000","9500.000","9475.000","9500.000","111597200","1053468137500"
"5906263","BBCA","2025-05-20","9500.000","9675.000","9475.000","9475.000","9475.000","9525.000","160614800","1540971752500"
"5907639","BBCA","2025-05-21","9700.000","9725.000","9550.000","9700.000","9700.000","9725.000","169739200","1644501422500"
"5908083","BBCA","2025-05-22","9800.000","9800.000","9650.000","9650.000","9625.000","9650.000","103113000","1000084920000"
"5909424","BBCA","2025-05-23","9775.000","9775.000","9625.000","9675.000","9650.000","9675.000","61189700","592214945000"
"5910107","BBCA","2025-05-26","9600.000","9650.000","9500.000","9625.000","9600.000","9625.000","56625300","542110462500"
"5910810","BBCA","2025-05-27","9550.000","9600.000","9450.000","9450.000","9450.000","9475.000","93212000","883395245000"
"5911946","BBCA","2025-05-28","9450.000","9550.000","9400.000","9400.000","9400.000","9425.000","236950800","2233929067500"
"5912722","BBCA","2025-06-02","9025.000","9175.000","9025.000","9100.000","9100.000","9125.000","264428700","2400683485000"
"5913897","BBCA","2025-06-03","9050.000","9125.000","8950.000","9050.000","9050.000","9075.000","128318100","1161054370000"
"5914754","BBCA","2025-06-04","9100.000","9125.000","8950.000","8975.000","8975.000","9000.000","93357200","841519140000"
"5915789","BBCA","2025-06-05","9000.000","9050.000","8900.000","8925.000","8900.000","8925.000","95529000","856372952500"
"5917221","BBCA","2025-06-10","8975.000","9100.000","8950.000","9100.000","9075.000","9100.000","80406400","727513812500"
"5917639","BBCA","2025-06-11","9100.000","9125.000","9050.000","9050.000","9050.000","9075.000","56632600","513863730000"
"5919097","BBCA","2025-06-12","9000.000","9125.000","9000.000","9125.000","9100.000","9125.000","41337300","375326995000"
"5919578","BBCA","2025-06-13","9100.000","9125.000","8975.000","9025.000","9025.000","9050.000","83318000","753588837500"
"5920569","BBCA","2025-06-16","8925.000","9000.000","8900.000","8925.000","8925.000","8950.000","57825000","517726000000"
"5922058","BBCA","2025-06-17","8975.000","9100.000","8975.000","9075.000","9050.000","9075.000","54927900","497630695000"
"5922357","BBCA","2025-06-18","8950.000","9025.000","8900.000","8900.000","8900.000","8925.000","86270200","770105962500"
"5923641","BBCA","2025-06-19","8900.000","8925.000","8750.000","8775.000","8750.000","8775.000","78879500","695258310000"
"5924439","BBCA","2025-06-20","8700.000","8875.000","8625.000","8700.000","8675.000","8700.000","445915100","3882988487500"
"5925587","BBCA","2025-06-23","8575.000","8700.000","8500.000","8625.000","8625.000","8650.000","87324500","753129427500"
"5926704","BBCA","2025-06-24","8725.000","8850.000","8700.000","8775.000","8775.000","8800.000","110158900","966725180000"
"5927207","BBCA","2025-06-25","8725.000","8775.000","8475.000","8600.000","8600.000","8625.000","117561000","1010917365000"
"5928607","BBCA","2025-06-26","8525.000","8650.000","8525.000","8650.000","8625.000","8650.000","117281700","1006927427500"
"5929525","BBCA","2025-06-30","8575.000","8825.000","8550.000","8675.000","8675.000","8750.000","185441800","1609631962500"
"5930601","BBCA","2025-07-01","8750.000","8775.000","8600.000","8700.000","8700.000","8725.000","82390600","716956697500"
"5931253","BBCA","2025-07-02","8575.000","8675.000","8575.000","8675.000","8650.000","8675.000","68545100","591186142500"
"5931997","BBCA","2025-07-03","8700.000","8750.000","8600.000","8600.000","8600.000","8625.000","50370800","435703005000"
"5933502","BBCA","2025-07-04","8650.000","8700.000","8550.000","8650.000","8625.000","8650.000","43593300","375695400000"
"5934059","BBCA","2025-07-07","8625.000","8650.000","8550.000","8625.000","8600.000","8625.000","49936900","429694137500"
"5934874","BBCA","2025-07-08","8550.000","8600.000","8425.000","8500.000","8500.000","8525.000","215611000","1831306332500"
"5936148","BBCA","2025-07-09","8500.000","8550.000","8450.000","8500.000","8500.000","8525.000","94459300","802778622500"
"5937344","BBCA","2025-07-10","8525.000","8650.000","8500.000","8600.000","8600.000","8625.000","111769400","960270647500"
"5938227","BBCA","2025-07-11","8575.000","8675.000","8575.000","8625.000","8600.000","8625.000","135986500","1172416557500"
"5938879","BBCA","2025-07-14","8650.000","8675.000","8450.000","8525.000","8500.000","8525.000","125196000","1066237587500"
"5940226","BBCA","2025-07-15","8600.000","8600.000","8475.000","8550.000","8550.000","8575.000","77219300","658851465000"
"5940766","BBCA","2025-07-16","8550.000","8600.000","8500.000","8525.000","8525.000","8550.000","97475300","833084060000"
"5941965","BBCA","2025-07-17","8500.000","8550.000","8500.000","8525.000","8500.000","8525.000","86016400","733679475000"
"5942653","BBCA","2025-07-18","8550.000","8575.000","8425.000","8425.000","8425.000","8450.000","80432200","682746780000"
"5944033","BBCA","2025-07-21","8450.000","8500.000","8375.000","8450.000","8425.000","8450.000","95383500","804365545000"
"5944719","BBCA","2025-07-22","8450.000","8475.000","8400.000","8400.000","8400.000","8425.000","77981700","657923995000"
"5945903","BBCA","2025-07-23","8450.000","8500.000","8400.000","8425.000","8400.000","8425.000","70969500","598631430000"
"5946994","BBCA","2025-07-24","8475.000","8550.000","8450.000","8500.000","8500.000","8525.000","138256800","1176315957500"
"5947565","BBCA","2025-07-25","8500.000","8525.000","8450.000","8450.000","8450.000","8475.000","58682800","497212232500"
"5948823","BBCA","2025-07-28","8625.000","8625.000","8475.000","8500.000","8500.000","8525.000","99484300","849801140000"
"5949328","BBCA","2025-07-29","8500.000","8500.000","8375.000","8400.000","8400.000","8425.000","104240300","878065727500"
"5950440","BBCA","2025-07-30","8475.000","8475.000","8325.000","8375.000","8350.000","8375.000","98098100","822018385000"
"5951363","BBCA","2025-07-31","8350.000","8375.000","8250.000","8275.000","8275.000","8300.000","206006300","1709127417500"
"5952599","BBCA","2025-08-01","8400.000","8425.000","8300.000","8300.000","8300.000","8325.000","86196100","719812737500"
"5953305","BBCA","2025-08-04","8325.000","8350.000","8275.000","8275.000","8275.000","8300.000","49054500","407109402500"
"5954724","BBCA","2025-08-05","8350.000","8450.000","8325.000","8425.000","8400.000","8425.000","69475900","584097750000"
"5955021","BBCA","2025-08-06","8425.000","8425.000","8300.000","8300.000","8300.000","8325.000","56325400","469985945000"
"5956456","BBCA","2025-08-07","8325.000","8350.000","8300.000","8300.000","8300.000","8325.000","43621300","362669845000"
"5957383","BBCA","2025-08-08","8325.000","8400.000","8300.000","8300.000","8300.000","8325.000","68378700","570523215000"
"5958586","BBCA","2025-08-11","8500.000","8550.000","8425.000","8550.000","8550.000","8575.000","128561300","1093905172500"
"5959543","BBCA","2025-08-12","8625.000","8875.000","8575.000","8850.000","8825.000","8850.000","171015700","1500014172500"
"5960354","BBCA","2025-08-13","8975.000","8975.000","8725.000","8925.000","8900.000","8925.000","129083900","1144715435000"
"5960755","BBCA","2025-08-14","8925.000","8950.000","8750.000","8775.000","8775.000","8800.000","122930900","1084650982500"
"5961953","BBCA","2025-08-15","8825.000","8850.000","8700.000","8700.000","8700.000","8725.000","68754200","601266935000"
"5962608","BBCA","2025-08-19","8600.000","8600.000","8450.000","8500.000","8500.000","8525.000","128591700","1096129112500"
"5964014","BBCA","2025-08-20","8375.000","8600.000","8350.000","8525.000","8525.000","8550.000","202260200","1709661225000"
"5965032","BBCA","2025-08-21","8550.000","8575.000","8500.000","8550.000","8525.000","8550.000","69470200","593078020000"
"5965599","BBCA","2025-08-22","8575.000","8575.000","8450.000","8450.000","8450.000","8475.000","66394100","563805417500"
"5966869","BBCA","2025-08-25","8525.000","8550.000","8475.000","8475.000","8475.000","8500.000","64052700","544363852500"
"5967466","BBCA","2025-08-26","8450.000","8475.000","8250.000","8250.000","8250.000","8275.000","326794200","2711867762500"
"5968917","BBCA","2025-08-27","8250.000","8350.000","8200.000","8300.000","8275.000","8300.000","111915700","926768237500"
"5969806","BBCA","2025-08-28","8350.000","8375.000","8275.000","8325.000","8325.000","8350.000","81281400","677892532500"
"5970482","BBCA","2025-08-29","8250.000","8275.000","8075.000","8075.000","8075.000","8100.000","236499300","1928967975000"
"5971630","BBCA","2025-09-01","7650.000","8050.000","7600.000","8000.000","7975.000","8000.000","421127500","3310760107500"
"5972384","BBCA","2025-09-02","8000.000","8175.000","8000.000","8000.000","8000.000","8025.000","155531500","1250064540000"
"5973354","BBCA","2025-09-03","7900.000","8000.000","7900.000","7975.000","7950.000","7975.000","212372700","1687397437500"
"5974720","BBCA","2025-09-04","7975.000","8000.000","7925.000","8000.000","7975.000","8000.000","103534800","825388010000"
"5975106","BBCA","2025-09-08","8025.000","8025.000","7700.000","7700.000","7700.000","7725.000","321191900","2518959170000"
"5976191","BBCA","2025-09-09","7625.000","7725.000","7475.000","7525.000","7500.000","7525.000","595368700","4505337265000"
"5977728","BBCA","2025-09-10","7550.000","7800.000","7550.000","7800.000","0.000","0.000","247204000","1908863187500"
"5978436","BBCA","2025-09-11","7900.000","7975.000","7850.000","7850.000","7825.000","7850.000","235173400","1852907875000"
"5979449","BBCA","2025-09-12","7975.000","7975.000","7850.000","7925.000","7925.000","7950.000","156084700","1236190140000"
"5980372","BBCA","2025-09-15","8000.000","8100.000","7975.000","8025.000","8025.000","8050.000","142567700","1145664100000"
"5980930","BBCA","2025-09-16","8050.000","8075.000","7900.000","7925.000","7925.000","7950.000","129312900","1028838025000"
"5981942","BBCA","2025-09-17","7850.000","7900.000","7800.000","7850.000","7825.000","7850.000","183725900","1440826265000"
"5982835","BBCA","2025-09-18","7850.000","7900.000","7650.000","7700.000","7700.000","7725.000","275378700","2127408087500"
"5984343","BBCA","2025-09-19","7650.000","7825.000","7650.000","7800.000","7800.000","7825.000","149025300","1158523947500"
"5984770","BBCA","2025-09-22","7800.000","7825.000","7725.000","7725.000","7700.000","7725.000","92588800","718625625000"
"5986248","BBCA","2025-09-23","7750.000","7900.000","7750.000","7875.000","7850.000","7875.000","102606200","805510877500"
"5986789","BBCA","2025-09-24","7950.000","7950.000","7725.000","7775.000","7750.000","7775.000","150428400","1171494352500"
"5987783","BBCA","2025-09-25","7725.000","7775.000","7700.000","7700.000","7675.000","7700.000","147986600","1142429140000"
"5988620","BBCA","2025-09-26","7575.000","7700.000","7575.000","7625.000","7625.000","7650.000","121657700","929140612500"
"5990099","BBCA","2025-09-29","7750.000","7800.000","7700.000","7775.000","7775.000","7800.000","116454700","903418567500"
"5990494","BBCA","2025-09-30","7700.000","7775.000","7625.000","7625.000","7625.000","7650.000","170666700","1306166022500"
"5991472","BBCA","2025-10-01","7600.000","7675.000","7500.000","7500.000","7500.000","7525.000","202433400","1527689020000"
"5992789","BBCA","2025-10-02","7500.000","7600.000","7500.000","7500.000","7500.000","7525.000","126952400","958347597500"
"5993868","BBCA","2025-10-03","7525.000","7550.000","7500.000","7525.000","7500.000","7525.000","76787500","577404602500"
"5826287","BBRI","2025-01-02","4100.000","4220.000","4090.000","4210.000","4200.000","4210.000","181361700","754617890000"
"5826604","BBRI","2025-01-03","4220.000","4240.000","4150.000","4150.000","4150.000","4160.000","134632300","564592520000"
"5827648","BBRI","2025-01-06","4180.000","4180.000","4100.000","4100.000","4100.000","4110.000","153048700","629884289000"
"5828488","BBRI","2025-01-07","4080.000","4090.000","4030.000","4030.000","4030.000","4040.000","171997400","696938514000"
"5830027","BBRI","2025-01-08","4030.000","4100.000","4030.000","4080.000","4070.000","4080.000","133655700","543123219000"
"5830436","BBRI","2025-01-09","4070.000","4100.000","4030.000","4030.000","4030.000","4040.000","99300400","402709435000"
"5831404","BBRI","2025-01-10","4030.000","4060.000","4010.000","4010.000","4010.000","4020.000","132774300","535210554000"
"5832204","BBRI","2025-01-13","3990.000","3990.000","3850.000","3850.000","3850.000","3860.000","413408100","1616563861000"
"5833273","BBRI","2025-01-14","3820.000","3920.000","3800.000","3800.000","3800.000","3810.000","293621700","1127538152000"
"5834941","BBRI","2025-01-15","3840.000","4090.000","3840.000","4090.000","4080.000","4090.000","407813500","1620895921000"
"5835783","BBRI","2025-01-16","4210.000","4240.000","4130.000","4160.000","4160.000","4170.000","349387500","1463928896000"
"5836107","BBRI","2025-01-17","4150.000","4190.000","4080.000","4090.000","4090.000","4100.000","268758600","1107529813000"
"5837754","BBRI","2025-01-20","4130.000","4220.000","4130.000","4220.000","4210.000","4220.000","167348600","699037899000"
"5838619","BBRI","2025-01-21","4270.000","4380.000","4250.000","4260.000","4260.000","4270.000","345223800","1486689125000"
"5839141","BBRI","2025-01-22","4310.000","4320.000","4230.000","4260.000","4260.000","4270.000","193218900","825859336000"
"5840538","BBRI","2025-01-23","4260.000","4340.000","4260.000","4300.000","4300.000","4310.000","216018100","930402366000"
"5840836","BBRI","2025-01-24","4350.000","4350.000","4190.000","4190.000","4190.000","4200.000","276421900","1175373360000"
"5841910","BBRI","2025-01-30","4130.000","4170.000","4090.000","4120.000","4120.000","4130.000","220222400","907344381000"
"5843441","BBRI","2025-01-31","4170.000","4280.000","4150.000","4220.000","4220.000","4230.000","192622700","813382570000"
"5844393","BBRI","2025-02-03","4200.000","4270.000","4150.000","4250.000","4240.000","4250.000","220285800","925365874000"
"5845160","BBRI","2025-02-04","4260.000","4300.000","4200.000","4260.000","4250.000","4260.000","231917500","985621789000"
"5845585","BBRI","2025-02-05","4250.000","4250.000","4140.000","4140.000","4140.000","4150.000","209834400","874668094000"
"5846547","BBRI","2025-02-06","4120.000","4160.000","3940.000","3970.000","3960.000","3970.000","378545500","1524657784000"
"5848258","BBRI","2025-02-07","3970.000","4030.000","3940.000","4030.000","4020.000","4030.000","259636200","1037731489000"
"5848657","BBRI","2025-02-10","4000.000","4050.000","3950.000","3970.000","3970.000","3980.000","201999400","804576964000"
"5850159","BBRI","2025-02-11","3970.000","4040.000","3900.000","4010.000","4000.000","4010.000","276382800","1100512534000"
"5850874","BBRI","2025-02-12","3960.000","4060.000","3950.000","4030.000","4030.000","4040.000","362571900","1455976798000"
"5851430","BBRI","2025-02-13","4000.000","4030.000","3960.000","3990.000","3980.000","3990.000","341640600","1361479582000"
"5852261","BBRI","2025-02-14","4000.000","4010.000","3850.000","3860.000","3860.000","3870.000","524909600","2053210652000"
"5853991","BBRI","2025-02-17","3870.000","4030.000","3870.000","4030.000","4020.000","4030.000","265737100","1056339039000"
"5854933","BBRI","2025-02-18","4030.000","4180.000","4030.000","4150.000","4140.000","4150.000","374350700","1541722079000"
"5855144","BBRI","2025-02-19","4160.000","4180.000","4010.000","4020.000","4020.000","4030.000","348358600","1422709277000"
"5856127","BBRI","2025-02-20","3970.000","4020.000","3910.000","3910.000","3910.000","3920.000","312753300","1231538264000"
"5857268","BBRI","2025-02-21","3910.000","3930.000","3870.000","3890.000","3890.000","3900.000","205268800","801132408000"
"5858662","BBRI","2025-02-24","3900.000","3940.000","3870.000","3920.000","3910.000","3920.000","138610800","541268666000"
"5859090","BBRI","2025-02-25","3880.000","3920.000","3800.000","3800.000","3800.000","3810.000","404555100","1548485939000"
"5860559","BBRI","2025-02-26","3800.000","3860.000","3760.000","3820.000","3810.000","3820.000","242834100","923414252000"
"5860869","BBRI","2025-02-27","3790.000","3800.000","3610.000","3630.000","3630.000","3640.000","410928000","1516903627000"
"5861845","BBRI","2025-02-28","3500.000","3540.000","3360.000","3360.000","3360.000","3370.000","1000597600","3421684615000"
"5863625","BBRI","2025-03-03","3520.000","3740.000","3470.000","3670.000","3670.000","3680.000","744626800","2685011828000"
"5864248","BBRI","2025-03-04","3680.000","3720.000","3600.000","3670.000","3670.000","3680.000","338434700","1238466345000"
"5865485","BBRI","2025-03-05","3710.000","3900.000","3710.000","3840.000","3840.000","3850.000","441151000","1691151535000"
"5866366","BBRI","2025-03-06","3870.000","3990.000","3870.000","3950.000","3950.000","3960.000","434485100","1716629823000"
"5866584","BBRI","2025-03-07","3930.000","3930.000","3810.000","3810.000","3810.000","3820.000","243793600","941219074000"
"5867749","BBRI","2025-03-10","3790.000","3810.000","3730.000","3760.000","3750.000","3760.000","232192200","873920509000"
"5869241","BBRI","2025-03-11","3700.000","3790.000","3660.000","3790.000","3790.000","3800.000","273961800","1022280351000"
"5870250","BBRI","2025-03-12","3810.000","3920.000","3810.000","3890.000","3890.000","3900.000","271631200","1052298124000"
"5870486","BBRI","2025-03-13","3960.000","3970.000","3800.000","3800.000","3800.000","3810.000","209225800","806613081000"
"5871592","BBRI","2025-03-14","3750.000","3840.000","3750.000","3750.000","3750.000","3760.000","156131900","589533897000"
"5873080","BBRI","2025-03-17","3780.000","3840.000","3730.000","3830.000","3830.000","3840.000","162467700","614450175000"
"5873462","BBRI","2025-03-18","3840.000","3860.000","3500.000","3680.000","3680.000","3690.000","416894600","1538357782000"
"5874843","BBRI","2025-03-19","3710.000","3780.000","3680.000","3710.000","3710.000","3720.000","352217700","1310081389000"
"5875342","BBRI","2025-03-20","3730.000","3760.000","3640.000","3660.000","3660.000","3670.000","313033000","1152576565000"
"5876970","BBRI","2025-03-21","3600.000","3700.000","3550.000","3700.000","3690.000","3700.000","627645600","2282412500000"
"5877390","BBRI","2025-03-24","3650.000","3740.000","3520.000","3610.000","3610.000","3620.000","342883200","1252277186000"
"5878921","BBRI","2025-03-25","3660.000","3840.000","3660.000","3800.000","3800.000","3810.000","331285900","1236798990000"
"5879812","BBRI","2025-03-26","3870.000","4020.000","3860.000","4000.000","4000.000","4010.000","540888800","2146954515000"
"5880638","BBRI","2025-03-27","4000.000","4050.000","3930.000","4050.000","4050.000","4060.000","322553200","1292786804000"
"5881065","BBRI","2025-04-08","3460.000","3750.000","3450.000","3640.000","3640.000","3650.000","734807100","2661987976000"
"5882189","BBRI","2025-04-09","3610.000","3710.000","3600.000","3630.000","3630.000","3640.000","366649900","1335561156000"
"5883549","BBRI","2025-04-10","3920.000","3930.000","3770.000","3800.000","3800.000","3810.000","417562900","1594629931000"
"5883829","BBRI","2025-04-11","3600.000","3650.000","3590.000","3630.000","3630.000","3640.000","301274200","1092064335000"
"5885314","BBRI","2025-04-14","3630.000","3690.000","3620.000","3690.000","3690.000","3700.000","169458300","619754670000"
"5886220","BBRI","2025-04-15","3730.000","3780.000","3680.000","3690.000","3680.000","3690.000","254228400","944845305000"
"5886916","BBRI","2025-04-16","3690.000","3700.000","3600.000","3650.000","3640.000","3650.000","233821600","852960064000"
"5887895","BBRI","2025-04-17","3670.000","3670.000","3610.000","3640.000","3630.000","3640.000","121059300","440169046000"
"5888872","BBRI","2025-04-21","3620.000","3660.000","3570.000","3620.000","3610.000","3620.000","107470200","387441406000"
"5890111","BBRI","2025-04-22","3600.000","3650.000","3600.000","3630.000","3630.000","3640.000","147116900","534134547000"
"5891341","BBRI","2025-04-23","3660.000","3790.000","3640.000","3760.000","3760.000","3770.000","432999900","1612109911000"
"5891698","BBRI","2025-04-24","3790.000","3840.000","3720.000","3730.000","3720.000","3730.000","272537300","1029410794000"
"5892952","BBRI","2025-04-25","3770.000","3790.000","3730.000","3740.000","3740.000","3750.000","136517100","513050497000"
"5894169","BBRI","2025-04-28","3790.000","3850.000","3780.000","3840.000","3830.000","3840.000","212945800","812330856000"
"5894899","BBRI","2025-04-29","3860.000","3870.000","3820.000","3850.000","3840.000","3850.000","160631400","616979614000"
"5895912","BBRI","2025-04-30","3810.000","3850.000","3770.000","3850.000","3840.000","3850.000","226832200","867363329000"
"5896949","BBRI","2025-05-02","3920.000","3920.000","3850.000","3880.000","3870.000","3880.000","205628100","798216163000"
"5897470","BBRI","2025-05-05","3900.000","3920.000","3860.000","3860.000","3860.000","3870.000","196917100","765089833000"
"5898815","BBRI","2025-05-06","3840.000","3900.000","3840.000","3880.000","3880.000","3890.000","111333800","432134807000"
"5899832","BBRI","2025-05-07","3900.000","3910.000","3870.000","3910.000","3900.000","3910.000","119763100","466279151000"
"5900210","BBRI","2025-05-08","3910.000","3960.000","3780.000","3790.000","3790.000","3800.000","224121900","861956553000"
"5901858","BBRI","2025-05-09","3810.000","3840.000","3760.000","3840.000","3830.000","3840.000","147638100","561981728000"
"5902925","BBRI","2025-05-14","4000.000","4090.000","3960.000","4090.000","4080.000","4090.000","461642400","1855316991000"
"5903844","BBRI","2025-05-15","4140.000","4310.000","4130.000","4270.000","4260.000","4270.000","537151700","2283197366000"
"5904228","BBRI","2025-05-16","4310.000","4330.000","4160.000","4250.000","4240.000","4250.000","289337600","1223554936000"
"5905122","BBRI","2025-05-19","4230.000","4260.000","4200.000","4230.000","4230.000","4240.000","145935500","617671364000"
"5906244","BBRI","2025-05-20","4230.000","4280.000","4170.000","4210.000","4210.000","4220.000","209576900","886857558000"
"5907539","BBRI","2025-05-21","4210.000","4310.000","4210.000","4260.000","4260.000","4270.000","256020200","1091214227000"
"5908517","BBRI","2025-05-22","4280.000","4310.000","4240.000","4300.000","4290.000","4300.000","208291800","893272040000"
"5909534","BBRI","2025-05-23","4370.000","4370.000","4330.000","4350.000","4340.000","4350.000","187464400","815702622000"
"5910073","BBRI","2025-05-26","4350.000","4350.000","4260.000","4320.000","4310.000","4320.000","149418600","641461109000"
"5911438","BBRI","2025-05-27","4320.000","4370.000","4280.000","4370.000","4360.000","4370.000","180028000","779409835000"
"5912473","BBRI","2025-05-28","4360.000","4450.000","4320.000","4450.000","4420.000","4450.000","466133500","2056293839000"
"5912648","BBRI","2025-06-02","4360.000","4390.000","4200.000","4200.000","4200.000","4210.000","389541100","1663365026000"
"5914207","BBRI","2025-06-03","4210.000","4230.000","4120.000","4200.000","4200.000","4210.000","277902300","1164762925000"
"5914605","BBRI","2025-06-04","4230.000","4230.000","4080.000","4080.000","4080.000","4090.000","279755300","1156073405000"
"5916165","BBRI","2025-06-05","4110.000","4140.000","4050.000","4100.000","4090.000","4100.000","230129500","939543851000"
"5917144","BBRI","2025-06-10","4100.000","4160.000","4100.000","4150.000","4140.000","4150.000","179827500","743278316000"
"5917503","BBRI","2025-06-11","4130.000","4140.000","4060.000","4070.000","4070.000","4080.000","196558700","803329142000"
"5918924","BBRI","2025-06-12","4070.000","4100.000","4060.000","4070.000","4070.000","4080.000","113850500","463395040000"
"5919505","BBRI","2025-06-13","4020.000","4050.000","3980.000","4000.000","3990.000","4000.000","283826000","1138140938000"
"5920685","BBRI","2025-06-16","3980.000","4010.000","3960.000","3990.000","3980.000","3990.000","155450700","619029790000"
"5921494","BBRI","2025-06-17","4010.000","4030.000","3960.000","3960.000","3960.000","3970.000","125769400","501363250000"
"5922551","BBRI","2025-06-18","3950.000","3960.000","3900.000","3940.000","3930.000","3940.000","140882100","553150403000"
"5923378","BBRI","2025-06-19","3900.000","3920.000","3800.000","3800.000","3800.000","3810.000","355413000","1363411133000"
"5924526","BBRI","2025-06-20","3740.000","3840.000","3740.000","3790.000","3790.000","3800.000","516177900","1955151380000"
"5925472","BBRI","2025-06-23","3730.000","3750.000","3660.000","3720.000","3720.000","3730.000","222067700","825431870000"
"5926691","BBRI","2025-06-24","3820.000","3900.000","3770.000","3780.000","3770.000","3780.000","281594300","1074469283000"
"5927385","BBRI","2025-06-25","3830.000","3830.000","3730.000","3760.000","3760.000","3770.000","164257700","620131501000"
"5928754","BBRI","2025-06-26","3780.000","3830.000","3750.000","3830.000","3820.000","3830.000","171427000","649271626000"
"5929019","BBRI","2025-06-30","3840.000","3840.000","3730.000","3740.000","3740.000","3750.000","271933200","1022426301000"
"5930154","BBRI","2025-07-01","3780.000","3790.000","3670.000","3700.000","3690.000","3700.000","212369000","788704492000"
"5931219","BBRI","2025-07-02","3650.000","3700.000","3640.000","3680.000","3670.000","3680.000","220273500","807060195000"
"5932167","BBRI","2025-07-03","3710.000","3730.000","3680.000","3680.000","3680.000","3690.000","119674300","442095032000"
"5933108","BBRI","2025-07-04","3680.000","3710.000","3650.000","3670.000","3660.000","3670.000","91141200","334642149000"
"5934491","BBRI","2025-07-07","3670.000","3700.000","3650.000","3700.000","3690.000","3700.000","78783800","290410177000"
"5934944","BBRI","2025-07-08","3690.000","3700.000","3650.000","3670.000","3660.000","3670.000","115551200","424223615000"
"5936254","BBRI","2025-07-09","3650.000","3700.000","3650.000","3680.000","3680.000","3690.000","92437900","339943292000"
"5937535","BBRI","2025-07-10","3690.000","3880.000","3680.000","3870.000","3870.000","3880.000","290117200","1104968730000"
"5938223","BBRI","2025-07-11","3920.000","3920.000","3870.000","3880.000","3870.000","3880.000","255634700","995601367000"
"5938717","BBRI","2025-07-14","3880.000","3890.000","3750.000","3780.000","3770.000","3780.000","167151400","632700983000"
"5940402","BBRI","2025-07-15","3800.000","3880.000","3780.000","3880.000","3870.000","3880.000","183209300","702734292000"
"5941074","BBRI","2025-07-16","3950.000","3960.000","3880.000","3880.000","3880.000","3890.000","241966800","949357500000"
"5942067","BBRI","2025-07-17","3930.000","3930.000","3880.000","3890.000","3890.000","3900.000","111359500","434697210000"
"5942709","BBRI","2025-07-18","3910.000","3940.000","3860.000","3860.000","3860.000","3870.000","111030000","432465193000"
"5943652","BBRI","2025-07-21","3890.000","3900.000","3830.000","3830.000","3830.000","3840.000","89765800","345327524000"
"5945093","BBRI","2025-07-22","3860.000","3880.000","3830.000","3840.000","3840.000","3850.000","84902800","326613412000"
"5945493","BBRI","2025-07-23","3840.000","3860.000","3790.000","3800.000","3800.000","3810.000","132305000","504998963000"
"5947165","BBRI","2025-07-24","3830.000","3950.000","3820.000","3950.000","3940.000","3950.000","206654200","809119430000"
"5947397","BBRI","2025-07-25","3950.000","3950.000","3870.000","3880.000","3880.000","3890.000","86263700","336220675000"
"5948930","BBRI","2025-07-28","3940.000","3950.000","3920.000","3940.000","3930.000","3940.000","94898300","373376888000"
"5949430","BBRI","2025-07-29","3930.000","3930.000","3900.000","3920.000","3910.000","3920.000","98887100","387036009000"
"5950164","BBRI","2025-07-30","3910.000","3910.000","3770.000","3780.000","3780.000","3790.000","206358500","788060391000"
"5951289","BBRI","2025-07-31","3780.000","3790.000","3700.000","3710.000","3710.000","3720.000","163371700","609331003000"
"5952665","BBRI","2025-08-01","3800.000","3800.000","3740.000","3740.000","3740.000","3750.000","134100500","505562516000"
"5953253","BBRI","2025-08-04","3720.000","3740.000","3690.000","3710.000","3700.000","3710.000","104446300","387665559000"
"5954646","BBRI","2025-08-05","3700.000","3790.000","3700.000","3740.000","3740.000","3750.000","184822600","692566127000"
"5955092","BBRI","2025-08-06","3770.000","3780.000","3710.000","3710.000","3710.000","3720.000","100168200","373618352000"
"5956479","BBRI","2025-08-07","3730.000","3750.000","3700.000","3710.000","3700.000","3710.000","92746000","344950665000"
"5957219","BBRI","2025-08-08","3710.000","3730.000","3700.000","3700.000","3700.000","3710.000","133180100","493983369000"
"5958583","BBRI","2025-08-11","3720.000","3810.000","3720.000","3810.000","3810.000","3820.000","143167900","541007518000"
"5959604","BBRI","2025-08-12","3860.000","4050.000","3830.000","4050.000","4040.000","4050.000","404797800","1605060986000"
"5960333","BBRI","2025-08-13","4060.000","4100.000","3990.000","4080.000","4070.000","4080.000","292104000","1183586832000"
"5960906","BBRI","2025-08-14","4080.000","4100.000","4040.000","4060.000","4060.000","4070.000","164408100","669335466000"
"5962405","BBRI","2025-08-15","4100.000","4150.000","4070.000","4120.000","4110.000","4120.000","269255400","1104608389000"
"5962635","BBRI","2025-08-19","4090.000","4100.000","4010.000","4040.000","4040.000","4050.000","208409700","843603355000"
"5964253","BBRI","2025-08-20","4050.000","4150.000","4050.000","4150.000","4150.000","4160.000","173260400","713434738000"
"5965025","BBRI","2025-08-21","4160.000","4170.000","4090.000","4150.000","4140.000","4150.000","112477700","464762274000"
"5965597","BBRI","2025-08-22","4170.000","4170.000","4100.000","4100.000","4100.000","4110.000","71971500","296966795000"
"5967121","BBRI","2025-08-25","4180.000","4270.000","4170.000","4210.000","4210.000","4220.000","195322200","824385462000"
"5967645","BBRI","2025-08-26","4220.000","4220.000","4170.000","4170.000","4170.000","4180.000","267465600","1117025364000"
"5968543","BBRI","2025-08-27","4130.000","4150.000","4070.000","4130.000","4120.000","4130.000","123874000","508484791000"
"5969805","BBRI","2025-08-28","4130.000","4150.000","4110.000","4140.000","4140.000","4150.000","60838200","251533585000"
"5970592","BBRI","2025-08-29","4100.000","4120.000","4020.000","4050.000","4050.000","4060.000","217276600","882534214000"
"5971526","BBRI","2025-09-01","3930.000","4010.000","3860.000","3980.000","3970.000","3980.000","234206100","923994207000"
"5972242","BBRI","2025-09-02","3980.000","4050.000","3960.000","3960.000","3960.000","3970.000","111856000","447650752000"
"5973799","BBRI","2025-09-03","4020.000","4030.000","3950.000","4030.000","4020.000","4030.000","112507500","449440348000"
"5974365","BBRI","2025-09-04","3980.000","4010.000","3960.000","4000.000","3990.000","4000.000","87402700","348932409000"
"5975189","BBRI","2025-09-08","4070.000","4070.000","3890.000","3900.000","3890.000","3900.000","143993900","571442078000"
"5976149","BBRI","2025-09-09","3870.000","3890.000","3750.000","3790.000","3790.000","3800.000","327167200","1247334590000"
"5977674","BBRI","2025-09-10","3820.000","3890.000","3820.000","3880.000","0.000","0.000","118789700","458964381000"
"5978705","BBRI","2025-09-11","4000.000","4120.000","3980.000","4080.000","4080.000","4090.000","281910400","1147841635000"
"5979577","BBRI","2025-09-12","4180.000","4190.000","4110.000","4180.000","4170.000","4180.000","235383800","978011108000"
"5979905","BBRI","2025-09-15","4200.000","4220.000","4120.000","4140.000","4140.000","4150.000","157482000","656280229000"
"5981067","BBRI","2025-09-16","4160.000","4170.000","4080.000","4130.000","4120.000","4130.000","167511900","689296090000"
"5982471","BBRI","2025-09-17","4160.000","4220.000","4120.000","4220.000","4210.000","4220.000","245154800","1024181336000"
"5983344","BBRI","2025-09-18","4270.000","4270.000","4210.000","4250.000","4240.000","4250.000","332670300","1410154614000"
"5984007","BBRI","2025-09-19","4230.000","4250.000","4180.000","4250.000","4240.000","4250.000","211373200","895084893000"
"5984669","BBRI","2025-09-22","4250.000","4250.000","4110.000","4160.000","4150.000","4160.000","157592800","655730119000"
"5985761","BBRI","2025-09-23","4120.000","4170.000","4110.000","4140.000","4140.000","4150.000","110771700","457935135000"
"5987222","BBRI","2025-09-24","4140.000","4170.000","4100.000","4170.000","4150.000","4170.000","124591600","515964479000"
"5987653","BBRI","2025-09-25","4170.000","4170.000","4050.000","4070.000","4060.000","4070.000","129656800","531045253000"
"5988660","BBRI","2025-09-26","4050.000","4080.000","4000.000","4040.000","4030.000","4040.000","146229200","588678782000"
"5989529","BBRI","2025-09-29","4040.000","4040.000","3960.000","3980.000","3980.000","3990.000","126611800","505542866000"
"5990485","BBRI","2025-09-30","3980.000","3980.000","3900.000","3900.000","3900.000","3910.000","217357100","852189684000"
"5991420","BBRI","2025-10-01","3860.000","3940.000","3800.000","3810.000","3810.000","3820.000","223133600","858080752000"
"5992352","BBRI","2025-10-02","3760.000","3790.000","3710.000","3710.000","3710.000","3720.000","379620000","1422839078000"
"5993573","BBRI","2025-10-03","3710.000","3750.000","3680.000","3690.000","3690.000","3700.000","214737100","795307063000"
"5826268","BMRI","2025-01-02","5700.000","5850.000","5700.000","5850.000","5825.000","5850.000","82914600","480897372500"
"5826682","BMRI","2025-01-03","5850.000","5875.000","5775.000","5800.000","5775.000","5800.000","58067100","337112182500"
"5827538","BMRI","2025-01-06","5825.000","5825.000","5650.000","5675.000","5650.000","5675.000","68443700","389440370000"
"5828516","BMRI","2025-01-07","5600.000","5650.000","5550.000","5600.000","5575.000","5600.000","96982300","543013792500"
"5830088","BMRI","2025-01-08","5600.000","5750.000","5600.000","5750.000","5700.000","5750.000","118246100","670673450000"
"5830588","BMRI","2025-01-09","5725.000","5775.000","5700.000","5750.000","5725.000","5750.000","56491700","324072045000"
"5831249","BMRI","2025-01-10","5750.000","5775.000","5600.000","5600.000","5600.000","5625.000","77751500","440533002500"
"5832373","BMRI","2025-01-13","5500.000","5550.000","5475.000","5525.000","5500.000","5525.000","99953900","551275565000"
"5833203","BMRI","2025-01-14","5425.000","5575.000","5400.000","5400.000","5400.000","5425.000","97351900","530340610000"
"5834936","BMRI","2025-01-15","5475.000","5825.000","5450.000","5750.000","5750.000","5775.000","194025700","1095199012500"
"5835815","BMRI","2025-01-16","6075.000","6200.000","5850.000","5875.000","5875.000","5900.000","204359900","1217547700000"
"5836557","BMRI","2025-01-17","5800.000","6050.000","5750.000","5875.000","5875.000","5900.000","114054600","673595415000"
"5837709","BMRI","2025-01-20","6000.000","6050.000","5925.000","6000.000","6000.000","6025.000","84338400","506421722500"
"5838601","BMRI","2025-01-21","6100.000","6175.000","6025.000","6050.000","6050.000","6075.000","115355900","703782640000"
"5839614","BMRI","2025-01-22","6150.000","6200.000","6100.000","6150.000","6150.000","6175.000","117929800","726501277500"
"5840474","BMRI","2025-01-23","6200.000","6300.000","6175.000","6175.000","6175.000","6200.000","120893700","754306920000"
"5841011","BMRI","2025-01-24","6250.000","6250.000","6125.000","6125.000","6125.000","6150.000","96161800","593532265000"
"5842075","BMRI","2025-01-30","6100.000","6225.000","6075.000","6100.000","6100.000","6125.000","101400400","620591520000"
"5842808","BMRI","2025-01-31","6175.000","6225.000","6025.000","6025.000","6025.000","6075.000","107861000","659867720000"
"5843711","BMRI","2025-02-03","5975.000","6000.000","5700.000","5800.000","5775.000","5800.000","182181700","1056212930000"
"5844643","BMRI","2025-02-04","5825.000","5850.000","5625.000","5675.000","5675.000","5700.000","121871500","696530082500"
"5845597","BMRI","2025-02-05","5600.000","5600.000","5475.000","5525.000","5500.000","5525.000","185656000","1028838670000"
"5846483","BMRI","2025-02-06","5425.000","5425.000","5000.000","5100.000","5100.000","5125.000","642118700","3312420560000"
"5848230","BMRI","2025-02-07","5000.000","5150.000","4950.000","5150.000","5125.000","5150.000","407896100","2062051050500"
"5848515","BMRI","2025-02-10","5150.000","5150.000","4990.000","5000.000","4990.000","5000.000","169384300","852553987000"
"5849549","BMRI","2025-02-11","4750.000","4950.000","4750.000","4880.000","4870.000","4880.000","316743200","1539982137000"
"5850975","BMRI","2025-02-12","4920.000","4950.000","4830.000","4940.000","4930.000","4940.000","225073300","1102815825000"
"5852013","BMRI","2025-02-13","4940.000","5075.000","4900.000","5025.000","5025.000","5050.000","215271400","1073963791000"
"5852995","BMRI","2025-02-14","5100.000","5200.000","4970.000","5125.000","5125.000","5150.000","239709300","1218760035500"
"5854028","BMRI","2025-02-17","5200.000","5475.000","5175.000","5425.000","5400.000","5425.000","223837300","1200235375000"
"5854708","BMRI","2025-02-18","5450.000","5550.000","5375.000","5450.000","5425.000","5450.000","157430200","860074737500"
"5855095","BMRI","2025-02-19","5375.000","5400.000","5125.000","5175.000","5150.000","5175.000","204335500","1068251360000"
"5856357","BMRI","2025-02-20","5125.000","5225.000","5100.000","5150.000","5125.000","5150.000","98363500","506277212500"
"5857142","BMRI","2025-02-21","5000.000","5100.000","5000.000","5075.000","5050.000","5075.000","152528600","770643470000"
"5858202","BMRI","2025-02-24","5050.000","5075.000","4980.000","5025.000","5000.000","5025.000","127578500","640878137000"
"5859088","BMRI","2025-02-25","5000.000","5025.000","4860.000","4870.000","4860.000","4870.000","224607800","1103740533000"
"5860618","BMRI","2025-02-26","4860.000","4980.000","4850.000","4920.000","4920.000","4930.000","161836900","794189097000"
"5860860","BMRI","2025-02-27","4930.000","4950.000","4660.000","4660.000","4660.000","4670.000","334919800","1589755555000"
"5862250","BMRI","2025-02-28","4620.000","4690.000","4550.000","4600.000","4590.000","4600.000","464696700","2139854584000"
"5863574","BMRI","2025-03-03","4750.000","4980.000","4700.000","4900.000","4900.000","4910.000","257118300","1250122598000"
"5864058","BMRI","2025-03-04","4900.000","4920.000","4750.000","4840.000","4840.000","4850.000","144346500","698093857000"
"5865141","BMRI","2025-03-05","4860.000","5050.000","4860.000","4860.000","4860.000","4870.000","252222800","1245807885500"
"5866099","BMRI","2025-03-06","4910.000","4980.000","4870.000","4870.000","4870.000","4880.000","194909200","959287163000"
"5866765","BMRI","2025-03-07","4870.000","4870.000","4810.000","4840.000","4830.000","4840.000","117916600","570806151000"
"5867633","BMRI","2025-03-10","4730.000","4760.000","4660.000","4710.000","4700.000","4710.000","231152200","1086888242000"
"5869227","BMRI","2025-03-11","4650.000","4780.000","4640.000","4740.000","4740.000","4750.000","150738100","712367801000"
"5870260","BMRI","2025-03-12","4750.000","4880.000","4750.000","4880.000","4880.000","4890.000","129973900","628632808000"
"5870456","BMRI","2025-03-13","4940.000","4940.000","4710.000","4740.000","4740.000","4750.000","176286000","841886556000"
"5871854","BMRI","2025-03-14","4640.000","4800.000","4640.000","4740.000","4730.000","4740.000","154331400","728308136000"
"5872475","BMRI","2025-03-17","4740.000","4770.000","4660.000","4680.000","4680.000","4690.000","135692800","637533882000"
"5873520","BMRI","2025-03-18","4680.000","4690.000","4300.000","4530.000","4530.000","4540.000","387565100","1746003503000"
"5875025","BMRI","2025-03-19","4530.000","4700.000","4440.000","4680.000","4670.000","4680.000","273084900","1251259786000"
"5875345","BMRI","2025-03-20","4760.000","4770.000","4610.000","4620.000","4620.000","4630.000","138209700","644267207000"
"5876240","BMRI","2025-03-21","4600.000","4610.000","4380.000","4410.000","4410.000","4420.000","374396400","1659767318000"
"5877928","BMRI","2025-03-24","4350.000","4530.000","4250.000","4460.000","4460.000","4470.000","319017400","1408805831000"
"5878942","BMRI","2025-03-25","4500.000","4810.000","4500.000","4740.000","4740.000","4750.000","313034100","1458957000000"
"5879893","BMRI","2025-03-26","4980.000","5175.000","4930.000","5150.000","5150.000","5175.000","582172700","2959908747500"
"5880600","BMRI","2025-03-27","5150.000","5250.000","5050.000","5200.000","5200.000","5225.000","301025300","1564158722500"
"5881062","BMRI","2025-04-08","4500.000","4830.000","4500.000","4670.000","4670.000","4680.000","738455000","3460258469000"
"5882559","BMRI","2025-04-09","4630.000","4790.000","4630.000","4710.000","4710.000","4720.000","316821100","1498828111000"
"5883629","BMRI","2025-04-10","5200.000","5225.000","4970.000","5025.000","5025.000","5050.000","559966600","2833017739000"
"5884518","BMRI","2025-04-11","5000.000","5175.000","4950.000","5100.000","5100.000","5125.000","384964600","1959541333500"
"5884760","BMRI","2025-04-14","4650.000","4750.000","4650.000","4750.000","4750.000","4760.000","423716000","1994586589000"
"5885896","BMRI","2025-04-15","4800.000","4820.000","4710.000","4710.000","4710.000","4720.000","231012700","1099335651000"
"5886846","BMRI","2025-04-16","4740.000","4750.000","4590.000","4630.000","4620.000","4630.000","201708000","938859795000"
"5887849","BMRI","2025-04-17","4630.000","4660.000","4570.000","4600.000","4590.000","4600.000","165381400","762644974000"
"5889237","BMRI","2025-04-21","4600.000","4640.000","4560.000","4610.000","4600.000","4610.000","83034600","381226010000"
"5890310","BMRI","2025-04-22","4610.000","4720.000","4590.000","4720.000","4720.000","4730.000","126426200","589947080000"
"5891348","BMRI","2025-04-23","4780.000","4900.000","4740.000","4900.000","4900.000","4910.000","273395600","1321745534000"
"5891753","BMRI","2025-04-24","4950.000","5025.000","4860.000","4890.000","4880.000","4890.000","282970000","1400180198000"
"5892940","BMRI","2025-04-25","4960.000","4960.000","4900.000","4900.000","4900.000","4910.000","134208400","662112233000"
"5893953","BMRI","2025-04-28","4950.000","4980.000","4890.000","4920.000","4910.000","4920.000","90697900","446988505000"
"5894908","BMRI","2025-04-29","4930.000","4950.000","4880.000","4940.000","4940.000","4950.000","108857600","535315562000"
"5895545","BMRI","2025-04-30","4900.000","4920.000","4810.000","4890.000","4890.000","4900.000","278360600","1356505047000"
"5897023","BMRI","2025-05-02","4980.000","4980.000","4910.000","4960.000","4950.000","4960.000","146800800","727212841000"
"5897829","BMRI","2025-05-05","4990.000","5100.000","4960.000","4980.000","4980.000","4990.000","154073100","773884874500"
"5898595","BMRI","2025-05-06","5025.000","5050.000","4980.000","4980.000","4980.000","4990.000","120165500","600465739000"
"5899406","BMRI","2025-05-07","5050.000","5050.000","4950.000","4950.000","4950.000","4960.000","100674600","501774346500"
"5900200","BMRI","2025-05-08","4960.000","5025.000","4790.000","4790.000","4790.000","4800.000","205199700","998600341000"
"5901405","BMRI","2025-05-09","4790.000","4830.000","4750.000","4770.000","4770.000","4780.000","164014200","783872992000"
"5902910","BMRI","2025-05-14","4890.000","5050.000","4880.000","5050.000","5050.000","5075.000","342468200","1701305073500"
"5903859","BMRI","2025-05-15","5075.000","5400.000","5050.000","5325.000","5300.000","5325.000","300147300","1576177980000"
"5904779","BMRI","2025-05-16","5425.000","5475.000","5200.000","5475.000","5450.000","5475.000","229382100","1231284250000"
"5905530","BMRI","2025-05-19","5450.000","5575.000","5400.000","5525.000","5500.000","5525.000","191440600","1053253922500"
"5906033","BMRI","2025-05-20","5500.000","5550.000","5350.000","5400.000","5400.000","5425.000","145525700","792347845000"
"5907506","BMRI","2025-05-21","5400.000","5550.000","5375.000","5450.000","5450.000","5475.000","167239400","914094212500"
"5908415","BMRI","2025-05-22","5450.000","5500.000","5400.000","5450.000","5450.000","5475.000","137585600","749880197500"
"5909070","BMRI","2025-05-23","5500.000","5500.000","5375.000","5425.000","5425.000","5450.000","89691600","487035245000"
"5910501","BMRI","2025-05-26","5425.000","5475.000","5300.000","5475.000","5450.000","5475.000","102960800","556040565000"
"5910850","BMRI","2025-05-27","5500.000","5500.000","5400.000","5400.000","5400.000","5425.000","86083800","466706677500"
"5911780","BMRI","2025-05-28","5400.000","5425.000","5300.000","5300.000","5300.000","5325.000","190669100","1016984977500"
"5912679","BMRI","2025-06-02","5200.000","5250.000","5025.000","5075.000","5050.000","5075.000","373474500","1906432167500"
"5913912","BMRI","2025-06-03","5100.000","5125.000","4950.000","5050.000","5050.000","5075.000","169321800","855274518500"
"5914799","BMRI","2025-06-04","5125.000","5125.000","4980.000","5025.000","5000.000","5025.000","139577800","702889584000"
"5916234","BMRI","2025-06-05","5050.000","5075.000","5000.000","5075.000","5050.000","5075.000","69179700","348647652500"
"5917296","BMRI","2025-06-10","5075.000","5250.000","5075.000","5250.000","5225.000","5250.000","158265000","819443582500"
"5917588","BMRI","2025-06-11","5300.000","5300.000","5150.000","5200.000","5200.000","5225.000","90666100","472742667500"
"5918659","BMRI","2025-06-12","5225.000","5225.000","5125.000","5175.000","5175.000","5200.000","72423700","375121560000"
"5919684","BMRI","2025-06-13","5175.000","5250.000","5100.000","5150.000","5150.000","5175.000","128071000","662594245000"
"5920705","BMRI","2025-06-16","5150.000","5200.000","5100.000","5150.000","5150.000","5175.000","61695600","317353712500"
"5921465","BMRI","2025-06-17","5175.000","5225.000","5100.000","5100.000","5100.000","5125.000","70657700","364308455000"
"5922555","BMRI","2025-06-18","5075.000","5100.000","5025.000","5075.000","5075.000","5100.000","53353000","269597270000"
"5923535","BMRI","2025-06-19","5050.000","5050.000","4910.000","4970.000","4960.000","4970.000","114769600","569138963500"
"5924455","BMRI","2025-06-20","4940.000","4990.000","4830.000","4930.000","4930.000","4940.000","301154300","1478508895000"
"5925641","BMRI","2025-06-23","4870.000","4930.000","4800.000","4920.000","4910.000","4920.000","119439200","583607789000"
"5926745","BMRI","2025-06-24","5050.000","5125.000","5025.000","5025.000","5000.000","5025.000","126563900","641149805000"
"5927146","BMRI","2025-06-25","5025.000","5050.000","4880.000","4880.000","4880.000","4890.000","139963400","688658806500"
"5928820","BMRI","2025-06-26","4950.000","5025.000","4910.000","5025.000","5000.000","5025.000","94704500","470351727000"
"5929003","BMRI","2025-06-30","5050.000","5050.000","4880.000","4880.000","4870.000","4880.000","220479900","1085684875500"
"5930007","BMRI","2025-07-01","4900.000","4910.000","4710.000","4750.000","4740.000","4750.000","319907500","1527474729000"
"5931611","BMRI","2025-07-02","4730.000","4770.000","4710.000","4770.000","4760.000","4770.000","159152200","754253028000"
"5932026","BMRI","2025-07-03","4780.000","4850.000","4720.000","4740.000","4740.000","4750.000","103849000","495585842000"
"5933265","BMRI","2025-07-04","4750.000","4790.000","4700.000","4740.000","4730.000","4740.000","104170500","493302420000"
"5934386","BMRI","2025-07-07","4740.000","4750.000","4680.000","4740.000","4740.000","4750.000","120538300","569918118000"
"5935009","BMRI","2025-07-08","4710.000","4750.000","4700.000","4720.000","4720.000","4730.000","132853800","627315558000"
"5935878","BMRI","2025-07-09","4720.000","4760.000","4670.000","4710.000","4710.000","4720.000","110198500","519776600000"
"5937457","BMRI","2025-07-10","4750.000","4830.000","4730.000","4820.000","4820.000","4830.000","160889700","769224841000"
"5938475","BMRI","2025-07-11","4850.000","4990.000","4830.000","4970.000","4960.000","4970.000","219980300","1087170326000"
"5938607","BMRI","2025-07-14","4980.000","4990.000","4670.000","4690.000","4690.000","4700.000","429438700","2034486025000"
"5940222","BMRI","2025-07-15","4700.000","4740.000","4690.000","4700.000","4700.000","4710.000","206958200","973605233000"
"5940768","BMRI","2025-07-16","4730.000","4760.000","4680.000","4690.000","4680.000","4690.000","323831100","1526324492000"
"5942115","BMRI","2025-07-17","4700.000","4720.000","4680.000","4720.000","4720.000","4730.000","120304000","566078359000"
"5943125","BMRI","2025-07-18","4760.000","4810.000","4720.000","4740.000","4730.000","4740.000","161262400","767049951000"
"5943577","BMRI","2025-07-21","4770.000","4770.000","4680.000","4680.000","4680.000","4690.000","103387400","485973992000"
"5944752","BMRI","2025-07-22","4680.000","4710.000","4650.000","4660.000","4660.000","4670.000","132984400","621535536000"
"5945918","BMRI","2025-07-23","4660.000","4690.000","4660.000","4680.000","4670.000","4680.000","115298400","538622576000"
"5947123","BMRI","2025-07-24","4690.000","4840.000","4680.000","4800.000","4790.000","4800.000","273623100","1310550667000"
"5947347","BMRI","2025-07-25","4800.000","4800.000","4690.000","4690.000","4690.000","4700.000","88471700","417437581000"
"5948768","BMRI","2025-07-28","4730.000","4750.000","4690.000","4700.000","4700.000","4710.000","112048900","527757528000"
"5949799","BMRI","2025-07-29","4700.000","4720.000","4690.000","4710.000","4700.000","4710.000","74422700","349844002000"
"5950252","BMRI","2025-07-30","4710.000","4720.000","4620.000","4620.000","4620.000","4630.000","141263400","657444205000"
"5951232","BMRI","2025-07-31","4610.000","4640.000","4510.000","4510.000","4510.000","4520.000","155903600","710057359000"
"5952609","BMRI","2025-08-01","4570.000","4610.000","4510.000","4530.000","4520.000","4530.000","157949900","718697250000"
"5953753","BMRI","2025-08-04","4530.000","4630.000","4510.000","4620.000","4610.000","4620.000","174404800","801434414000"
"5954773","BMRI","2025-08-05","4690.000","4780.000","4660.000","4750.000","4740.000","4750.000","277668300","1314373158000"
"5955048","BMRI","2025-08-06","4750.000","4750.000","4690.000","4700.000","4690.000","4700.000","79277900","373127381000"
"5956182","BMRI","2025-08-07","4740.000","4740.000","4680.000","4680.000","4680.000","4690.000","61453100","288504135000"
"5957221","BMRI","2025-08-08","4680.000","4700.000","4660.000","4670.000","4670.000","4680.000","71516700","334435600000"
"5958441","BMRI","2025-08-11","4710.000","4780.000","4700.000","4720.000","4710.000","4720.000","105204200","496748733000"
"5959559","BMRI","2025-08-12","4770.000","4920.000","4750.000","4910.000","4910.000","4920.000","301599000","1467933082000"
"5959898","BMRI","2025-08-13","4930.000","4970.000","4860.000","4870.000","4870.000","4880.000","180844900","884571323000"
"5960917","BMRI","2025-08-14","4910.000","4930.000","4840.000","4850.000","4850.000","4860.000","109457100","533175359000"
"5962193","BMRI","2025-08-15","4890.000","4930.000","4850.000","4850.000","4850.000","4860.000","126685400","618412438000"
"5962710","BMRI","2025-08-19","4860.000","4870.000","4780.000","4800.000","4790.000","4800.000","116454000","560404310000"
"5964272","BMRI","2025-08-20","4790.000","4950.000","4780.000","4950.000","4940.000","4950.000","144622900","706511813000"
"5964657","BMRI","2025-08-21","4950.000","4950.000","4860.000","4900.000","4890.000","4900.000","132019200","647363983000"
"5965708","BMRI","2025-08-22","4920.000","4920.000","4870.000","4890.000","4880.000","4890.000","73104500","358166866000"
"5966998","BMRI","2025-08-25","4950.000","4980.000","4920.000","4950.000","4940.000","4950.000","149580800","740964956000"
"5967635","BMRI","2025-08-26","4950.000","4950.000","4860.000","4900.000","4880.000","4900.000","308891700","1512508080000"
"5968417","BMRI","2025-08-27","4840.000","4880.000","4800.000","4800.000","4800.000","4810.000","113576300","547824315000"
"5969497","BMRI","2025-08-28","4790.000","4850.000","4770.000","4770.000","4770.000","4780.000","111707400","535106783000"
"5970764","BMRI","2025-08-29","4720.000","4750.000","4660.000","4730.000","4720.000","4730.000","176485100","830187990000"
"5971417","BMRI","2025-09-01","4550.000","4670.000","4460.000","4600.000","4600.000","4610.000","320335300","1467691266000"
"5972228","BMRI","2025-09-02","4610.000","4670.000","4560.000","4570.000","4570.000","4580.000","150045600","691119593000"
"5973731","BMRI","2025-09-03","4620.000","4660.000","4570.000","4620.000","4610.000","4620.000","131617900","607307844000"
"5974828","BMRI","2025-09-04","4630.000","4680.000","4620.000","4680.000","4670.000","4680.000","88735300","413524128000"
"5975088","BMRI","2025-09-08","4750.000","4750.000","4460.000","4490.000","4480.000","4490.000","200234500","916214437000"
"5976073","BMRI","2025-09-09","4450.000","4480.000","4310.000","4310.000","4310.000","4320.000","509366600","2233908661000"
"5977656","BMRI","2025-09-10","4360.000","4420.000","4350.000","4400.000","0.000","0.000","294295600","1289614468000"
"5978582","BMRI","2025-09-11","4480.000","4540.000","4450.000","4480.000","4470.000","4480.000","366697800","1649253834000"
"5979437","BMRI","2025-09-12","4500.000","4550.000","4480.000","4520.000","4510.000","4520.000","216960200","979108996000"
"5980238","BMRI","2025-09-15","4550.000","4640.000","4520.000","4530.000","4530.000","4540.000","231346000","1059225247000"
"5980945","BMRI","2025-09-16","4570.000","4570.000","4460.000","4480.000","4480.000","4490.000","122027400","548798898000"
"5982325","BMRI","2025-09-17","4480.000","4520.000","4440.000","4510.000","4500.000","4510.000","232702500","1042995958000"
"5982823","BMRI","2025-09-18","4540.000","4550.000","4420.000","4420.000","4410.000","4420.000","177560100","792238856000"
"5983873","BMRI","2025-09-19","4350.000","4420.000","4330.000","4380.000","4370.000","4390.000","235975900","1035541765000"
"5985198","BMRI","2025-09-22","4410.000","4420.000","4360.000","4420.000","4410.000","4420.000","107176100","470702005000"
"5985781","BMRI","2025-09-23","4390.000","4430.000","4370.000","4410.000","4400.000","4410.000","90675500","399549762000"
"5986936","BMRI","2025-09-24","4410.000","4430.000","4390.000","4390.000","4390.000","4400.000","85439100","376222176000"
"5987832","BMRI","2025-09-25","4400.000","4410.000","4360.000","4360.000","4360.000","4370.000","73946900","323626731000"
"5989151","BMRI","2025-09-26","4350.000","4430.000","4350.000","4420.000","4410.000","4420.000","86572900","380252249000"
"5989642","BMRI","2025-09-29","4420.000","4430.000","4400.000","4400.000","4400.000","4410.000","63753600","281376770000"
"5990869","BMRI","2025-09-30","4420.000","4450.000","4380.000","4400.000","4390.000","4400.000","108639600","479073276000"
"5991647","BMRI","2025-10-01","4360.000","4400.000","4350.000","4380.000","4370.000","4380.000","92265100","403541681000"
"5992558","BMRI","2025-10-02","4410.000","4440.000","4360.000","4360.000","4360.000","4370.000","93387400","409943235000"
"5993472","BMRI","2025-10-03","4370.000","4380.000","4300.000","4310.000","4310.000","4320.000","102459100","442784380000"
